fpr,tpr
0.0,0.0
0.5485327313769752,0.5714285714285714
0.5620767494356659,0.5714285714285714
1.0,1.0
