epoch,AUPRC,AUROC,loss,val_AUPRC,val_AUROC,val_loss
0,0.17680995166301727,0.6054368615150452,0.012152837589383125,0.2064303755760193,0.5394465327262878,0.011068517342209816
1,0.20000000298023224,0.20000000298023224,0.013262433931231499,0.12098166346549988,0.15611772239208221,0.014076373539865017
2,0.19999219477176666,0.6676492094993591,0.010302383452653885,0.21176153421401978,0.5466482639312744,0.010832098312675953
3,0.1759154051542282,0.20000000298023224,0.0284523144364357,0.12383083999156952,0.15745370090007782,0.012382748536765575
4,0.21563954651355743,0.6940259337425232,0.009677797555923462,0.2132151871919632,0.5436301827430725,0.011399162001907825
5,0.097689189016819,0.1160714328289032,0.017714599147439003,0.12082558125257492,0.15322065353393555,0.01368531584739685
6,0.2331763654947281,0.6983979344367981,0.009266266599297523,0.2229478806257248,0.5439717769622803,0.011124265380203724
7,0.0768950954079628,0.095238097012043,0.006390674039721489,0.13475020229816437,0.15886738896369934,0.012913879007101059
