epoch,AUPRC,AUROC,loss,val_AUPRC,val_AUROC,val_loss
0,0.6408987045288086,0.9392035603523254,0.02705954946577549,0.6814202666282654,0.960127592086792,0.024627430364489555
1,0.4666505455970764,0.9756944179534912,0.021730048581957817,1.0,1.0,0.009156310930848122
2,0.8173890709877014,0.9767770767211914,0.01771308295428753,0.6940990090370178,0.9688695669174194,0.023180250078439713
3,0.8372086882591248,0.9875125288963318,0.018277259543538094,1.0,0.9999999403953552,0.0038028880953788757
4,0.8561275005340576,0.9830524325370789,0.015311566181480885,0.845128059387207,0.9820955395698547,0.016273710876703262
5,0.8624224662780762,0.9699074029922485,0.012893564999103546,1.0,0.9999999403953552,0.0031899348832666874
6,0.8737348318099976,0.9863308668136597,0.014057216234505177,0.8575248718261719,0.9845244288444519,0.01542961411178112
