epoch,AUPRC,AUROC,loss,val_AUPRC,val_AUROC,val_loss
0,0.7844355702400208,0.9677916169166565,0.021822979673743248,0.8090286254882812,0.9727749824523926,0.02034272626042366
1,0.6805207133293152,0.9319100379943848,0.03449275344610214,1.0,1.0,0.003335209097713232
2,0.8359791040420532,0.9789894223213196,0.018254049122333527,0.8341331481933594,0.9782156944274902,0.01879117637872696
3,0.8638570308685303,0.9786220788955688,0.017812121659517288,1.0,1.0,0.0033548728097230196
4,0.8508235812187195,0.9821293354034424,0.017122166231274605,0.8333285450935364,0.9775515198707581,0.019479991868138313
5,0.8268587589263916,0.9847515225410461,0.01715116761624813,1.0,1.0,0.002028891583904624
6,0.8611884117126465,0.9840444326400757,0.016336452215909958,0.8477246761322021,0.9825889468193054,0.01759352535009384
