epoch,AUPRC,AUROC,loss,val_AUPRC,val_AUROC,val_loss
0,0.31843921542167664,0.7092912197113037,0.02850610762834549,0.370705246925354,0.7263340353965759,0.028304388746619225
1,0.362034410238266,0.4715414345264435,0.024998238310217857,0.2703792452812195,0.45250242948532104,0.0305461622774601
2,0.37714195251464844,0.7415047883987427,0.024782979860901833,0.3892245590686798,0.7300795316696167,0.02600594237446785
3,0.34484347701072693,0.40540850162506104,0.02631593681871891,0.3251042664051056,0.4637756049633026,0.026004532352089882
4,0.3966497480869293,0.7485849857330322,0.02373519167304039,0.4060586988925934,0.7288118004798889,0.026515301316976547
5,0.243015855550766,0.3129800856113434,0.019346415996551514,0.3039139211177826,0.4680401384830475,0.027438385412096977
6,0.4142559766769409,0.763841986656189,0.023087045177817345,0.3787899613380432,0.7291939854621887,0.02702510915696621
7,0.35597020387649536,0.48794203996658325,0.024074571207165718,0.33355993032455444,0.46082809567451477,0.02861100807785988
