epoch,AUPRC,AUROC,loss,val_AUPRC,val_AUROC,val_loss
0,0.009483547881245613,0.11471431702375412,0.18971501290798187,0.00696254288777709,0.045640282332897186,3.2472305297851562
1,0.006318092346191406,0.03476068004965782,0.07690001279115677,0.0,0.0,3.0602762699127197
2,0.009068910032510757,0.07405279576778412,0.038118455559015274,0.008325336501002312,0.054365817457437515,1.320392370223999
3,0.03213002160191536,0.07480709999799728,0.021974120289087296,0.0,0.0,1.1772925853729248
4,0.01513042114675045,0.1219443753361702,0.01608988270163536,0.009170199744403362,0.04970325157046318,0.4577203691005707
5,0.01765444129705429,0.03872054070234299,0.014730511233210564,0.0,0.0,0.35577303171157837
6,0.019369853660464287,0.11764620244503021,0.011175435967743397,0.012502461671829224,0.05425257608294487,0.156373992562294
7,0.019101684913039207,0.05366512015461922,0.00771602988243103,0.0,0.0,0.12181700766086578
