fpr,tpr
0.0,0.0
0.5124153498871332,0.2857142857142857
0.5327313769751693,0.2857142857142857
1.0,1.0
