epoch,AUPRC,AUROC,loss,val_AUPRC,val_AUROC,val_loss
0,0.010022422298789024,0.5909532308578491,0.11733157187700272,0.03505726903676987,0.8994462490081787,1.1067137718200684
1,0.036883048713207245,0.8396991491317749,0.023991012945771217,0.051080893725156784,0.9217607378959656,0.26874828338623047
2,0.21248725056648254,0.9537007808685303,0.011335626244544983,0.021272452548146248,0.776807963848114,0.0683833435177803
3,0.2332644760608673,0.9496603012084961,0.009540045633912086,0.0534508153796196,0.7580253481864929,0.043986644595861435
4,0.25636839866638184,0.9743090271949768,0.007214094512164593,0.0557774156332016,0.8222373723983765,0.02960366941988468
5,0.3803471624851227,0.9802505373954773,0.006955145392566919,0.0555715374648571,0.8194687962532043,0.020217103883624077
6,0.47683435678482056,0.9806934595108032,0.0065678795799613,0.06310898065567017,0.8070604801177979,0.020904645323753357
