epoch,AUPRC,AUROC,loss,val_AUPRC,val_AUROC,val_loss
0,0.029153767973184586,0.19538643956184387,0.23039288818836212,0.011279776692390442,0.028835978358983994,0.5923094153404236
1,0.04344145581126213,0.07916666567325592,0.14433179795742035,0.038313671946525574,0.04583333432674408,0.6745761036872864
