epoch,AUPRC,AUROC,loss,val_AUPRC,val_AUROC,val_loss
0,0.6983016133308411,0.9736506938934326,0.012110578827559948,0.7483964562416077,0.9815383553504944,0.010783817619085312
1,0.766310453414917,0.9843320250511169,0.010024947114288807,0.7099473476409912,0.9787276983261108,0.011875305324792862
2,0.7864540815353394,0.9867826104164124,0.009379939176142216,0.7681199908256531,0.9837744832038879,0.010287981480360031
3,0.8012514114379883,0.9885787963867188,0.008944989182054996,0.7320358157157898,0.980289876461029,0.011669054627418518
4,0.8166563510894775,0.9896081686019897,0.008524426259100437,0.7522220611572266,0.9822760224342346,0.010682440362870693
5,0.8277285099029541,0.991084098815918,0.008131945505738258,0.7553777694702148,0.9816588163375854,0.01094419788569212
6,0.84131920337677,0.9919953346252441,0.007781388238072395,0.7550793290138245,0.9793773293495178,0.011146767996251583
7,0.8482956886291504,0.9924598336219788,0.007539229933172464,0.752380907535553,0.9806545376777649,0.010870103724300861
