epoch,AUPRC,AUROC,loss,val_AUPRC,val_AUROC,val_loss
0,0.6299260258674622,0.9467677474021912,0.028648048639297485,0.6591494083404541,0.9552677273750305,0.026424363255500793
1,0.7019939422607422,0.963351845741272,0.024245044216513634,0.6850812435150146,0.9615239500999451,0.025604398921132088
2,0.723597526550293,0.9679230451583862,0.02303348481655121,0.6716579794883728,0.9597703218460083,0.025975199416279793
3,0.7404707670211792,0.9706315398216248,0.022187206894159317,0.6527519226074219,0.9568505883216858,0.027017170563340187
4,0.7557007670402527,0.9733409881591797,0.021324964240193367,0.669603705406189,0.9591136574745178,0.02676895447075367
5,0.7639046907424927,0.9749737977981567,0.020790690556168556,0.6894011497497559,0.9606711864471436,0.025798853486776352
6,0.7773083448410034,0.9766236543655396,0.0201629139482975,0.6582764983177185,0.9574817419052124,0.02696949988603592
