,fpr,tpr
0,0.0,0.0
1,0.5801354401805869,0.42857142857142855
2,0.6275395033860045,0.42857142857142855
3,1.0,1.0
