,fpr,tpr
0,0.0,0.0
1,0.38826185101580135,0.14285714285714285
2,0.4198645598194131,0.14285714285714285
3,1.0,1.0
