fpr,tpr
0.0,0.0
0.002257336343115124,0.0
0.020316027088036117,0.0
0.020316027088036117,0.14285714285714285
0.18058690744920994,0.14285714285714285
0.18058690744920994,0.2857142857142857
0.3340857787810384,0.2857142857142857
0.3340857787810384,0.42857142857142855
0.5011286681715575,0.42857142857142855
0.5011286681715575,0.5714285714285714
0.6455981941309256,0.5714285714285714
0.6455981941309256,0.8571428571428571
0.8939051918735892,0.8571428571428571
0.8939051918735892,1.0
1.0,1.0
