,fpr,tpr
0,0.0,0.0
1,0.39503386004514673,0.5714285714285714
2,0.4221218961625282,0.5714285714285714
3,1.0,1.0
